Na,Rm
10,3.16228
100,15.6525
200,20.8806
300,29.1548
400,31.0644
500,38.0132
600,42.4853
700,45.618
800,50.5668
900,54.1202
1000,57.2451
1100,59.4811
1200,63.9062
1300,65.307
1400,66.2118
1500,68.7968
1600,73.0068
1700,77.0065
1800,79.3221
1900,80.4301
2000,82.662
2100,87.6584
2200,88.7525
2300,89.6437
2400,92.9624
2500,95.5249
2600,96.0417
2700,96.566
2800,98.1835
2900,99.4786
3000,100.404
10,3.60555
100,15
200,22.3607
300,28.0179
400,34.2053
500,40
600,44.9444
700,47.1699
800,49.93
900,52.3259
1000,56.9386
1100,57.9828
1200,62.2656
1300,64.8845
1400,67.2309
1500,71.5891
1600,76.0592
1700,79.6492
1800,82.7647
1900,85.0882
2000,90.824
2100,94.414
2200,95.2943
2300,96.6023
2400,99.7296
2500,103.31
2600,105.119
2700,108.24
2800,110.463
2900,114.061
3000,116.276
10,3.16228
100,15.0333
200,21.0238
300,26.0768
400,30.0167
500,34.9285
600,39.5601
700,41.7852
800,45.2217
900,52.0384
1000,56.0803
1100,57.3149
1200,58.2151
1300,62.0725
1400,62.1289
1500,64.195
1600,67.1193
1700,70.1142
1800,72.111
1900,78.1025
2000,81.1542
2100,82.0244
2200,84.006
2300,85.0059
2400,86.0058
2500,87.023
2600,91.0055
2700,92.0054
2800,92.0869
2900,94.0851
3000,96.1301
10,3.16228
100,13.1529
200,18.4391
300,22.0227
400,26.6271
500,31.6228
600,35.805
700,39.4081
800,42.4382
900,46.2277
1000,48.5077
1100,52.469
1200,54.231
1300,55.3263
1400,56.4358
1500,59.0085
1600,62.0725
1700,66.1211
1800,66.4078
1900,69.4622
2000,71.5122
2100,74.7329
2200,78.721
2300,78.721
2400,81.2158
2500,85
2600,85
2700,87.7268
2800,87.7268
2900,88.8426
3000,90.802
10,4.47214
100,11.7047
200,19.3132
300,23.4094
400,29.6142
500,32.9848
600,37.6563
700,39.6232
800,41.5933
900,44.4072
1000,49.0408
1100,51.7397
1200,54.5619
1300,58.1378
1400,60.3075
1500,64.2806
1600,65.2763
1700,67.624
1800,69.4046
1900,72.2496
2000,75.452
2100,76.6094
2200,79.404
2300,81.6088
2400,83.4086
2500,86.4002
2600,87.3613
2700,88.3233
2800,90.2497
2900,92.72
3000,96.566
10,3
100,13.6015
200,21.6333
300,26.4008
400,31.3847
500,34.7131
600,38.0132
700,40.8044
800,46.2709
900,50.4876
1000,54.4518
1100,57.3149
1200,61.2944
1300,62.514
1400,64.2806
1500,65.2763
1600,69.5845
1700,72.5603
1800,72.5603
1900,74.5252
2000,76.2955
2100,77.4661
2200,78.2624
2300,80.0625
2400,80.7775
2500,82.7103
2600,84.2021
2700,86.1278
2800,87.6413
2900,90.802
3000,91.7606
10,3
100,15.0333
200,22.1359
300,28.6356
400,36.2353
500,39.3573
600,44.7214
700,50.6063
800,57.8014
900,61.7171
1000,62.6498
1100,63.6318
1200,64.6607
1300,66.7083
1400,69.814
1500,71.8401
1600,75
1700,76.0592
1800,76.6094
1900,78.8162
2000,81.8413
2100,82.201
2200,84.8116
2300,87.8009
2400,90.802
2500,93.0054
2600,94.4034
2700,95
2800,96.0208
2900,97.2008
3000,98.6002
10,2.23607
100,16.4012
200,20.5913
300,26.4008
400,30.8058
500,34.8281
600,37.6431
700,40.3609
800,44.6878
900,46.0435
1000,49.2544
1100,52.345
1200,53.6004
1300,55.2268
1400,56.2939
1500,60.6383
1600,62.3699
1700,64.3273
1800,70.7107
1900,70.859
2000,75.6637
2100,78.6384
2200,79.7621
2300,81.5843
2400,84.5281
2500,88.2836
2600,89.2693
2700,91.2414
2800,93.3809
2900,94.3663
3000,95.0368
10,4.47214
100,13.0384
200,25
300,29
400,31.7648
500,36.0139
600,41.1947
700,46.0435
800,49.0408
900,52.6118
1000,55.7315
1100,59.4138
1200,62.514
1300,66.4831
1400,66.9104
1500,69.3542
1600,72.3395
1700,72.4431
1800,75.326
1900,76.4199
2000,80.2247
2100,82.2192
2200,84.214
2300,87.2067
2400,88.278
2500,88.6848
2600,89.6772
2700,91.1373
2800,92.7793
2900,96.7471
3000,97.7394
10,3.60555
100,16.9706
200,24.4131
300,28.4253
400,37.4833
500,41.7732
600,48.1664
700,51.6236
800,53.8145
900,59.4643
1000,63.6553
1100,65.1153
1200,68.6804
1300,70.1783
1400,74.027
1500,75.8024
1600,77.4209
1700,81.8413
1800,85.2115
1900,86.0233
2000,94.4034
2100,99.2975
2200,100.125
2300,100.955
2400,103.175
2500,106.78
2600,110.114
2700,111.83
2800,112.898
2900,113.811
3000,115.663
10,2.82843
100,14.1421
200,21.3776
300,25.4951
400,29.0689
500,34.0588
600,39.2046
700,43.0116
800,46.3249
900,49.4975
1000,53.4603
1100,55.4437
1200,59.4138
1300,61.2944
1400,64.2806
1500,66.1891
1600,68.469
1700,71.3442
1800,73.437
1900,76.6551
2000,78.6384
2100,79.7621
2200,82.7345
2300,83.6002
2400,84.4808
2500,87.367
2600,89.3588
2700,90.4268
2800,95.1893
2900,96.1873
3000,98.27
10,4
100,16.6433
200,24.4131
300,27.313
400,32.7567
500,36.6197
600,41.1096
700,49.3356
800,52.5547
900,56.356
1000,57.5847
1100,60.7454
1200,65
1300,69.1158
1400,69.9714
1500,70.4911
1600,73.9256
1700,76.1577
1800,77.5242
1900,79.2465
2000,81.0062
2100,82.7647
2200,84.8528
2300,86.3539
2400,91.2195
2500,93.3488
2600,96.1769
2700,98.3107
2800,99.0353
2900,101.178
3000,105.475
10,5.38516
100,13.0384
200,20.2485
300,27.4591
400,33.8378
500,36.6879
600,41.1096
700,43.0813
800,45.5412
900,48.4665
1000,52.2015
1100,55.7136
1200,57.0088
1300,61.0983
1400,63.9062
1500,64.846
1600,65.5515
1700,68.9638
1800,71.1688
1900,72.8011
2000,74.3303
2100,77.4919
2200,78.4347
2300,80.9568
2400,82
2500,85.3288
2600,90.0944
2700,91.2414
2800,92.228
2900,94.7259
3000,96.2549
10,2.82843
100,14.5602
200,20.5913
300,26.0768
400,35.2278
500,39.1152
600,44.1814
700,49.0306
800,53.7587
900,54.7449
1000,55.7315
1100,57.7062
1200,59.6825
1300,62.0967
1400,63.6003
1500,65.4599
1600,67.72
1700,71.5122
1800,74.0945
1900,76.896
2000,77.8332
2100,78.7718
2200,80.0562
2300,81.7068
2400,83.2166
2500,85.0941
2600,88.1022
2700,89.4427
2800,92.1358
2900,93.4719
3000,94.8472
10,3.60555
100,14.8661
200,25.2982
300,32.5576
400,35.3553
500,40.3113
600,44.4072
700,46.5296
800,48.5077
900,50.3587
1000,52.0096
1100,54.037
1200,57.2189
1300,62.2013
1400,63.5059
1500,65.0077
1600,68.0294
1700,70.0071
1800,71.007
1900,71.2531
2000,77.2334
2100,77.3175
2200,79.511
2300,80.399
2400,80.5047
2500,81.2158
2600,82.201
2700,83.5464
2800,85.9884
2900,87.9659
3000,88.1192
10,3.16228
100,15.0333
200,23.3452
300,30.4138
400,33.1361
500,37.1214
600,40.5216
700,44.3847
800,45.607
900,51.4198
1000,55.109
1100,55.7315
1200,58.8558
1300,61.6604
1400,63.1506
1500,65.7647
1600,69.8713
1700,72.1803
1800,75.1332
1900,78.2624
2000,83.006
2100,84.0238
2200,88.0227
2300,89.0225
2400,90.05
2500,92.0217
2600,93.0054
2700,95
2800,96
2900,97.2934
3000,104.139
10,4.47214
100,14.3178
200,26
300,32.6956
400,38.6264
500,40.4969
600,44.2719
700,47.4342
800,48.0833
900,52.811
1000,55.7136
1100,58.5918
1200,60.9016
1300,62.434
1400,64.0703
1500,67.1193
1600,71.3442
1700,72.6911
1800,75.8024
1900,80.4114
2000,82.5651
2100,84.5281
2200,86.6833
2300,88.2836
2400,91.7824
2500,92.9624
2600,95.7079
2700,96.8814
2800,97.8621
2900,98.8433
3000,102.772
10,2.23607
100,14.8661
200,18.7883
300,23.3452
400,27.6586
500,30.8058
600,35
700,37.6431
800,42.72
900,46.6154
1000,47.4342
1100,48.0208
1200,52.3546
1300,54.5619
1400,60.0083
1500,63.6946
1600,66.4831
1700,69.6419
1800,71.5122
1900,73.3894
2000,75.6108
2100,78.7718
2200,81.6088
2300,82.8613
2400,85.0706
2500,86.6833
2600,87.6413
2700,89.8443
2800,90.5207
2900,92.0489
3000,92.0489
10,2.82843
100,14.3178
200,18.3576
300,25.6125
400,28.6007
500,30.5287
600,33.6155
700,35.8469
800,40.8167
900,46.1411
1000,49.6488
1100,51.3128
1200,53
1300,54.6717
1400,58.0517
1500,60.8276
1600,65.7951
1700,66.8431
1800,68.4105
1900,71.218
2000,72.2011
2100,73.0068
2200,73.2462
2300,74.4043
2400,75.8024
2500,77.8332
2600,78.4347
2700,79.3788
2800,85.44
2900,87.983
3000,89.6939
10,3.16228
100,14.1421
200,18.6011
300,24.5967
400,30.0832
500,33.8378
600,36.4005
700,41.1096
800,43.3244
900,46.4866
1000,49.1935
1100,49.6588
1200,53.2259
1300,55.9464
1400,58.3095
1500,60.208
1600,61.2944
1700,63.8122
1800,65.5134
1900,66.0379
2000,69.6419
2100,70.4911
2200,71.6938
2300,73.2393
2400,77.201
2500,79.404
2600,80.2122
2700,82.662
2800,83.2586
2900,86.9253
3000,88.7694
10,5
100,14.8661
200,22.8254
300,29.1204
400,32.0156
500,35
600,40.3113
700,43.1856
800,50.2096
900,55.9017
1000,57.4891
1100,58.7963
1200,60.959
1300,61.7171
1400,63.7024
1500,66.5282
1600,67.2086
1700,69.3542
1800,70.0928
1900,74.7262
2000,79.8123
2100,81.2527
2200,83.3607
2300,84.1724
2400,88.1192
2500,92.9139
2600,95.8853
2700,97.0155
2800,99.985
2900,101.119
3000,103.097
10,3
100,14.2127
200,20.2485
300,25.807
400,31.241
500,36.4005
600,41.0488
700,42.72
800,46.4004
900,48.8262
1000,52.345
1100,54.6443
1200,57.3847
1300,57.8014
1400,60.0333
1500,61.0737
1600,64.4127
1700,65.437
1800,66.0681
1900,69.527
2000,70.9366
2100,73.5391
2200,75.6637
2300,78.492
2400,79.9312
2500,81.3449
2600,82.8794
2700,84.9588
2800,85.0412
2900,87.2067
3000,89.4986
10,3.16228
100,13.1529
200,18.9737
300,24.0416
400,32.7567
500,33.9559
600,38.3275
700,43.0465
800,46.0109
900,51.0098
1000,56.0357
1100,66.0076
1200,68.0074
1300,70.0286
1400,73.1095
1500,75.1665
1600,76.4199
1700,77.6466
1800,78.4092
1900,80.895
2000,84.8528
2100,85
2200,86.977
2300,89.7385
2400,92.1792
2500,94.5569
2600,95.5249
2700,99.6393
2800,103.247
2900,104.738
3000,107.201
10,2.82843
100,17.4642
200,25.5539
300,30.0167
400,31.0161
500,35.4683
600,40.4969
700,44.0114
800,47.927
900,51.8845
1000,54.5894
1100,59.9416
1200,62.434
1300,65.5134
1400,69.3397
1500,72.4017
1600,72.4224
1700,75.452
1800,75.452
1900,76.2758
2000,79.6116
2100,83.006
2200,83.863
2300,86.4523
2400,87.983
2500,90.824
2600,93.5361
2700,96.2549
2800,98.0051
2900,98.8838
3000,101.119
10,3.16228
100,14.1421
200,19.2354
300,24.3311
400,28.2843
500,32.249
600,34.1321
700,36.2215
800,38.4708
900,41
1000,43.7379
1100,47.5184
1200,52.469
1300,53.4603
1400,57.2713
1500,60.531
1600,61.6604
1700,64.7765
1800,65.9242
1900,67.4685
2000,68.0661
2100,69.4622
2200,72.5672
2300,76.6877
2400,79.4292
2500,79.4292
2600,80.4114
2700,82.201
2800,86.1452
2900,87.1321
3000,87.9659
10,5.09902
100,14.3178
200,23.2594
300,26.2488
400,30.0832
500,32.3883
600,37.6563
700,42.4264
800,46.1736
900,49.0918
1000,54.231
1100,57.3149
1200,63.3877
1300,66.6108
1400,69.3542
1500,77.0584
1600,78.0577
1700,80.0999
1800,83.0542
1900,86.0523
2000,89.1403
2100,92.1358
2200,95.0842
2300,97.1288
2400,98.1275
2500,101.124
2600,102.078
2700,105.076
2800,107.075
2900,108.167
3000,108.227
10,2.23607
100,12
200,19.0263
300,23
400,28.0179
500,36
600,39.0512
700,43.1856
800,48.0416
900,52.0384
1000,54.1479
1100,55.1453
1200,58.0775
1300,60.1332
1400,61.0737
1500,62.0725
1600,65.2763
1700,67.1863
1800,68.4471
1900,71.1969
2000,74.5252
2100,76.4853
2200,76.4853
2300,77.1622
2400,78.1601
2500,84.214
2600,85.2877
2700,88.278
2800,90.2718
2900,93.3435
3000,93.6483
10,3
100,14.3178
200,19.7231
300,28.1603
400,34.7131
500,38.3275
600,41.4367
700,45.5412
800,50.3587
900,52.345
1000,56.1427
1100,60.0083
1200,61.5224
1300,62.514
1400,63.1981
1500,63.7887
1600,67.6831
1700,69.1231
1800,72.0347
1900,73.0068
2000,75.3127
2100,80.4114
2200,84.3445
2300,85.5102
2400,88.2836
2500,88.2836
2600,89.2693
2700,89.822
2800,91.9837
2900,91.9837
3000,93.145
10,2.82843
100,14.3178
200,19.0263
300,25.4951
400,29.5466
500,33.541
600,37.6431
700,39.3192
800,40.2616
900,43.9318
1000,50.8035
1100,50.8035
1200,54.7083
1300,57.5587
1400,61.4003
1500,64.3817
1600,66.6108
1700,69.3542
1800,72.3395
1900,74.3303
2000,77.4145
2100,78.4092
2200,80.1561
2300,81.2219
2400,83.4865
2500,86.2844
2600,90.05
2700,93.086
2800,97.0464
2900,101.045
3000,104.043
10,2.23607
100,17
200,26.1725
300,30.4138
400,32.573
500,35.7351
600,40.3113
700,42.2966
800,44.7772
900,49.98
1000,54.4243
1100,56.3028
1200,57.0088
1300,60.9262
1400,66.3099
1500,68.0294
1600,69.7711
1700,71.1126
1800,72.0069
1900,76.1577
2000,79.0759
2100,80.1561
2200,81.5414
2300,83.672
2400,85.0882
2500,86.0058
2600,89.1572
2700,92.3093
2800,92.3093
2900,94.7048
3000,94.7048
10,2
100,13.3417
200,21.2132
300,26.1725
400,32.0624
500,37.054
600,40.05
700,45.3982
800,49.4975
900,50.4876
1000,52.7731
1100,57.7062
1200,59.8415
1300,61.8142
1400,64.1327
1500,68.0661
1600,69.0507
1700,70.859
1800,73.4983
1900,77.3692
2000,81.0247
2100,82
2200,84.1724
2300,85.3756
2400,88.0738
2500,89.4986
2600,90.956
2700,92.6499
2800,96.8814
2900,98.8433
3000,101
10,3.16228
100,13.6015
200,18.4391
300,26.1725
400,31.1448
500,37.1214
600,40.3113
700,43.2897
800,44.911
900,46.8722
1000,49.6488
1100,54.0093
1200,60.0333
1300,62.0081
1400,63
1500,65.7647
1600,68
1700,73.0274
1800,74.0608
1900,78.2624
2000,78.7147
2100,82.2982
2200,86.4696
2300,88.5664
2400,91.444
2500,91.6624
2600,96.6282
2700,98.732
2800,101.833
2900,101.833
3000,102.703
10,3
100,13.8924
200,19.2354
300,26.0768
400,30.1496
500,34.1321
600,44.0454
700,45.0444
800,49.0102
900,50.4876
1000,56.8859
1100,60.0833
1200,62.6498
1300,66.1287
1400,69.5701
1500,74.0405
1600,76.922
1700,77.8845
1800,80.7775
1900,83.4326
2000,84.4038
2100,85.3815
2200,89.1852
2300,92.0489
2400,94.921
2500,99.3277
2600,101.242
2700,103.16
2800,103.446
2900,105.948
3000,106.977
10,3.16228
100,13.0384
200,18.2483
300,24.1868
400,31.7805
500,36.4005
600,40.5216
700,43.4626
800,47.0106
900,50.6063
1000,52.4786
1100,54.0833
1200,55.0364
1300,59.8164
1400,63.6003
1500,66.6108
1600,68.8186
1700,71.218
1800,73.2393
1900,74.0608
2000,75.452
2100,78.2368
2200,80.025
2300,83.0241
2400,86.0523
2500,87.0919
2600,89.0898
2700,91.1976
2800,96.2549
2900,97.2522
3000,99.3227
10,3.16228
100,13.0384
200,19.4165
300,28.1603
400,30.8058
500,37.2156
600,40.1123
700,43.566
800,47.8539
900,50.01
1000,52.1728
1100,56.8859
1200,60.6712
1300,63.5059
1400,67.082
1500,68.0661
1600,70.0357
1700,72.0069
1800,73.5527
1900,75.4255
2000,79.2275
2100,79.404
2200,82.0549
2300,86.093
2400,88.0909
2500,89.0505
2600,92.0489
2700,97.0052
2800,98.0051
2900,100.005
3000,100.02
10,4.12311
100,15.0333
200,18.1108
300,22.6274
400,26.6271
500,31.1448
600,37.2156
700,39.1152
800,41.0122
900,44.1022
1000,47.2969
1100,49.3356
1200,50.448
1300,53.1601
1400,55.5788
1500,60.0167
1600,60.0167
1700,61.5224
1800,64.0781
1900,68.542
2000,72.7805
2100,73.3485
2200,76.4853
2300,77.7817
2400,81.3941
2500,84.3445
2600,87.9659
2700,89.4427
2800,90.7965
2900,94.7629
3000,95.7549
10,3.60555
100,12.0416
200,19.6469
300,23.0868
400,30.8058
500,33.0151
600,34.7851
700,40.3113
800,44.7214
900,46.5296
1000,47.5079
1100,51.1077
1200,52.8394
1300,55.0727
1400,56.8595
1500,59.203
1600,61.4003
1700,64.8151
1800,67.2012
1900,68.9638
2000,72.9452
2100,75.1798
2200,80.0562
2300,82.7345
2400,83.2406
2500,84.1724
2600,86.2148
2700,88.2383
2800,91.7061
2900,93.0591
3000,94.7048
10,2.82843
100,11.4018
200,19
300,27.0185
400,29.0689
500,32.249
600,35.5106
700,39.1152
800,41.5933
900,44.7214
1000,46.6905
1100,49.0408
1200,52.1728
1300,58.0517
1400,59.0339
1500,61.8142
1600,63.7887
1700,69.5845
1800,71.5681
1900,73.8241
2000,75.9539
2100,78.0897
2200,78.7718
2300,80.895
2400,82.0366
2500,84.0119
2600,85.3288
2700,86.885
2800,88.8426
2900,90.4268
3000,91.2414
10,3.16228
100,11.4018
200,18.7883
300,26
400,31.0161
500,37.3631
600,41.7612
700,47.8017
800,51.6624
900,52.9528
1000,55.3624
1100,56.3205
1200,58.1893
1300,59.7746
1400,62.9682
1500,65.4599
1600,70.214
1700,72.4224
1800,75.2861
1900,76.243
2000,78.1601
2100,80.0812
2200,81.3204
2300,82.5651
2400,85.0706
2500,85.0706
2600,87.0976
2700,88.0738
2800,89.0505
2900,90.802
3000,93.7443
10,3.16228
100,17.2047
200,25.632
300,31.3209
400,37.108
500,41
600,42.72
700,46.3249
800,50.9608
900,51.923
1000,55.0818
1100,59.6657
1200,61.9839
1300,62.6418
1400,64.9384
1500,72.0069
1600,73.9797
1700,77.9295
1800,82.8734
1900,84.7172
2000,87.6926
2100,88.955
2200,89.9444
2300,90.934
2400,92.5419
2500,97.6217
2600,98.6154
2700,102.591
2800,103.586
2900,103.817
3000,106.471
10,4.47214
100,12.7279
200,21.8403
300,28.1603
400,32.311
500,35.8469
600,41.5933
700,45.1774
800,50.1199
900,53.3104
1000,57.0088
1100,59.9416
1200,63.5295
1300,65.7647
1400,67.9779
1500,75.1532
1600,76.9675
1700,81.0247
1800,82.8553
1900,84.0773
2000,89.3197
2100,90.6201
2200,91.5478
2300,93.9628
2400,95.8175
2500,97.4166
2600,99.3277
2700,101.533
2800,104.043
2900,106.733
3000,106.733
10,3.16228
100,14.2127
200,20.8806
300,26.6833
400,32.7567
500,35.6931
600,38.6005
700,41.7612
800,44.911
900,47.8017
1000,50.2494
1100,54.231
1200,56.2228
1300,62.514
1400,67.6018
1500,71.4493
1600,73.6817
1700,78.3135
1800,82.2982
1900,86.7006
2000,88.8144
2100,90.2552
2200,92.228
2300,94.0479
2400,96.0833
2500,97.1854
2600,99.1817
2700,103.238
2800,107.229
2900,108.167
3000,109.225
10,3.16228
100,14.4222
200,20.2485
300,23.2594
400,28.6007
500,35.8469
600,39.4462
700,42.1545
800,48.3322
900,50.1597
1000,55.3624
1100,57.5847
1200,63.5689
1300,66.4078
1400,68.352
1500,71.6938
1600,73.0068
1700,74.8465
1800,77.6209
1900,77.8332
2000,78.3901
2100,80.604
2200,84.22
2300,86.4523
2400,88.6848
2500,89.1852
2600,90.5539
2700,92.2822
2800,94.0213
2900,95.7131
3000,99.2824
10,3.16228
100,13.0384
200,23.2594
300,29.1548
400,33.2866
500,37.2022
600,43.2666
700,47.1699
800,50.9902
900,55.2268
1000,56.4358
1100,61.4003
1200,65
1300,68.6003
1400,72.2011
1500,73.9256
1600,76.9415
1700,79.177
1800,81.4125
1900,83.1865
2000,84.0952
2100,85.8836
2200,89.4427
2300,91.236
2400,92.1358
2500,94.9368
2600,98.6154
2700,98.6154
2800,102.416
2900,105.802
3000,108.005
10,3.60555
100,14.0357
200,20.025
300,25.0799
400,30.1496
500,35.1283
600,39.6232
700,44.4072
800,48.5077
900,55.4437
1000,57.7062
1100,60.1332
1200,61.131
1300,62.2013
1400,65.192
1500,66.1211
1600,67.4685
1700,71.5891
1800,74.9533
1900,76.3217
2000,78.2304
2100,81.3941
2200,83.4865
2300,84.4808
2400,86.4002
2500,88.2043
2600,90.1998
2700,91.351
2800,95.3362
2900,95.3362
3000,96.421
10,3
100,12.3693
200,20.0998
300,26.0192
400,30.0666
500,35.4683
600,40.3609
700,44.5533
800,49.0102
900,52.0384
1000,54.0093
1100,57.2189
1200,59.5399
1300,62.514
1400,64.4981
1500,68.3593
1600,71.1758
1700,74.1687
1800,76.1052
1900,78.1025
2000,80.025
2100,81.0987
2200,83.0963
2300,86.0233
2400,87.0057
2500,89.0505
2600,90.05
2700,90.05
2800,91.7878
2900,93.2631
3000,94.8262
10,3.16228
100,15.1327
200,23.1948
300,27.4591
400,31.7805
500,35.1141
600,38.6264
700,43.3244
800,47.8017
900,49.7293
1000,50.6952
1100,53.6004
1200,54.8179
1300,58.2495
1400,60.208
1500,62.3939
1600,68.7095
1700,70.5762
1800,71.3092
1900,73.5391
2000,74.9466
2100,78.2943
2200,80.1124
2300,83.3847
2400,84.214
2500,86.1452
2600,88.0511
2700,89.5545
2800,90.471
2900,94.4299
3000,97.17
10,3.60555
100,19.2354
200,27.8927
300,32.9848
400,34.9285
500,38.2099
600,44.2041
700,46.6154
800,49.93
900,53.8516
1000,56.0803
1100,58.8303
1200,61.5873
1300,64.6607
1400,66.888
1500,71.1969
1600,72.9452
1700,76.0592
1800,76.922
1900,79.2591
2000,83.2406
2100,84.9706
2200,85.4225
2300,89.0056
2400,89.8999
2500,90.377
2600,91.2853
2700,91.7878
2800,94.9368
2900,95.462
3000,97.6934
10,4.12311
100,13
200,22.0227
300,26.0192
400,30.0167
500,34.0147
600,36
700,40.5216
800,44.0114
900,46.0435
1000,48.0416
1100,52.0384
1200,56.0357
1300,58.0345
1400,62.0322
1500,63.1506
1600,67.1863
1700,67.1863
1800,70.2567
1900,72.3395
2000,73.437
2100,76.1643
2200,78.6384
2300,80.025
2400,85.0941
2500,86.093
2600,88.0227
2700,89.0225
2800,92.0489
2900,93.0484
3000,95.0474
10,4.24264
100,16.1245
200,25.4951
300,30.4631
400,33.2415
500,36.6879
600,39.2173
700,46.1736
800,52.3927
900,58.2495
1000,61
1100,64.6297
1200,66.3702
1300,66.9104
1400,70.0643
1500,73.9797
1600,74.9533
1700,77.1298
1800,78.3135
1900,81.4985
2000,83.6002
2100,85.3756
2200,86.4696
2300,88.459
2400,90.1388
2500,91.1373
2600,92.0869
2700,93.086
2800,95.0842
2900,97.719
3000,101.533
10,4.24264
100,12.6491
200,19.105
300,23.6008
400,28.6531
500,34
600,38.4838
700,40.7185
800,44.2945
900,47.0106
1000,50.1199
1100,53.8516
1200,55.4707
1300,58.0086
1400,60.4649
1500,62.2013
1600,65.4599
1700,66.4003
1800,69.814
1900,72.6223
2000,73.4098
2100,76.2168
2200,78.8733
2300,82.2192
2400,84.22
2500,86.5563
2600,88.5268
2700,88.6172
2800,90.6091
2900,94.1116
3000,94.8472
10,3.16228
100,13.8924
200,22.2036
300,28.0179
400,30.2324
500,35.0571
600,38.1182
700,42.4264
800,47.3814
900,50.8035
1000,54.1295
1100,56.5685
1200,61.3922
1300,63.3482
1400,68.1542
1500,71.8401
1600,73.7631
1700,77.3692
1800,78.339
1900,81.2527
2000,82.9759
2100,85.6154
2200,85.8662
2300,88.0568
2400,90.956
2500,90.956
2600,92.6499
2700,93.6216
2800,93.9202
2900,95.8019
3000,98.7168
10,3.60555
100,12.083
200,23
300,25.318
400,29.1548
500,32.0156
600,36.3456
700,38.2099
800,41.9762
900,46.2709
1000,47.8539
1100,50.6952
1200,55.9732
1300,61.0328
1400,62.2977
1500,63.5059
1600,65.8027
1700,70.8308
1800,73.2462
1900,75.9605
2000,79.3788
2100,81.3449
2200,81.7863
2300,84.7231
2400,86.7295
2500,87.8465
2600,90.6091
2700,92.5743
2800,92.7631
2900,93.9415
3000,96.8814
10,4.47214
100,16.1245
200,25.2389
300,29.5296
400,33.1059
500,34.9285
600,38.6005
700,42.72
800,46.3249
900,50.2892
1000,52.8867
1100,56.3028
1200,60.0083
1300,62.7694
1400,63.561
1500,66.6408
1600,70.2353
1700,74.7061
1800,80.4984
1900,82.2982
2000,84.534
2100,85.9593
2200,88.3233
2300,89.6939
2400,93.8136
2500,96.7988
2600,98.9798
2700,99.363
2800,102
2900,104.202
3000,105.679
10,3.16228
100,16.4924
200,21.587
300,27.6586
400,29.8329
500,33.0151
600,36.1248
700,40.3113
800,43.8406
900,48.1041
1000,53.0377
1100,54.5619
1200,56.0803
1300,61.5224
1400,64.9384
1500,67.897
1600,69.8713
1700,72.6911
1800,74.8131
1900,76.9415
2000,78.9177
2100,80.3057
2200,82.2982
2300,86.3713
2400,87.4643
2500,91.5478
2600,94.5304
2700,94.5304
2800,98.326
2900,98.5089
3000,103.31
10,3
100,15.2971
200,21.095
300,24.0832
400,28.4429
500,33.3766
600,36.6742
700,40.025
800,45.8912
900,50.8035
1000,53.4603
1100,55.3263
1200,57.2189
1300,61.2046
1400,63.2851
1500,66.3702
1600,67.897
1700,70.0357
1800,71.3863
1900,73.5459
2000,75.505
2100,76.4853
2200,78.6448
2300,80.05
2400,80.6226
2500,82.9759
2600,84.9294
2700,86.5794
2800,87.4643
2900,90.4489
3000,91.444
10,3.16228
100,14.5602
200,24.1868
300,30.8707
400,37
500,40.8044
600,46.8402
700,53.3667
800,57.9741
900,62.9365
1000,67.0671
1100,70.8378
1200,74
1300,74
1400,76.844
1500,79.0569
1600,80.0062
1700,82.8613
1800,86.0233
1900,87.9204
2000,93.9202
2100,95.2103
2200,97.4166
2300,99.93
2400,101.193
2500,104.695
2600,104.695
2700,106.607
2800,108.522
2900,110.44
3000,112.641
10,3.16228
100,13.1529
200,19.799
300,27.0185
400,31.6228
500,34.6699
600,39.4588
700,42.4264
800,45.3982
900,46.5296
1000,49.4975
1100,55.4437
1200,58.3095
1300,59.2115
1400,61.131
1500,65
1600,65.9697
1700,69.3758
1800,71.8053
1900,77.666
2000,81.5843
2100,82.7647
2200,83.7437
2300,87.6641
2400,90.2497
2500,91.7824
2600,93.1719
2700,94.1488
2800,96.1041
2900,96.1041
3000,96.1041
10,2.23607
100,14.8661
200,23.3452
300,27.2947
400,31.4006
500,36.0555
600,40.05
700,43.0465
800,47.0106
900,48.0104
1000,52.1536
1100,56.3205
1200,59.5399
1300,62.6498
1400,66.6108
1500,67.7422
1600,71.7008
1700,72.6911
1800,73.6817
1900,74.4312
2000,77.5242
2100,80.5047
2200,82.6075
2300,84.7172
2400,87.9659
2500,89.1067
2600,92.228
2700,93.2148
2800,95.0368
2900,98.1529
3000,98.1529
10,4.12311
100,14.3178
200,21.8403
300,24.7386
400,29.1204
500,32.9848
600,35.9026
700,39.8121
800,44.1814
900,45.1774
1000,49.366
1100,53.3385
1200,58.5491
1300,61.5224
1400,64.6297
1500,66.6108
1600,68.6586
1700,73.3485
1800,76.4853
1900,78.6448
2000,81.2158
2100,83.7257
2200,84.5931
2300,86.7006
2400,88.5664
2500,90.5539
2600,92.6553
2700,95.8853
2800,97.3242
2900,98.0612
3000,100.807
10,3.16228
100,13.0384
200,19.2354
300,28.1603
400,30.0666
500,36.2215
600,41.7732
700,43.9318
800,47.2969
900,51.1957
1000,56.7539
1100,59.203
1200,67.9117
1300,68.884
1400,70.0928
1500,71.5891
1600,73.7564
1700,77.666
1800,79.3095
1900,82.2253
2000,84.1724
2100,86.3134
2200,88.1192
2300,89.2693
2400,90.2552
2500,91.2414
2600,93.2148
2700,96.1769
2800,97.1648
2900,98.1529
3000,99.4082
10,3
100,13
200,18.4391
300,26.2488
400,31.6228
500,33.3017
600,38.2099
700,43.7379
800,46.8722
900,50.6952
1000,53.6004
1100,58.9406
1200,61.4003
1300,62.2977
1400,65.4599
1500,69.9214
1600,73.0821
1700,75.9605
1800,76.6551
1900,80.5233
2000,80.7775
2100,82.7103
2200,84.7231
2300,87.8009
2400,87.8009
2500,90.7083
2600,94.5939
2700,97.9847
2800,98.4937
2900,100.424
3000,102.616
10,3.16228
100,15.2315
200,23.0868
300,28.0713
400,34.3657
500,41.4367
600,45.7056
700,48.8365
800,51.4782
900,56.4358
1000,61.2046
1100,62.2013
1200,67.0298
1300,70.0643
1400,72.3395
1500,76.3217
1600,80
1700,82.0549
1800,85.0529
1900,88.0511
2000,90.0056
2100,92.0217
2200,94.0479
2300,98.0051
2400,101.02
2500,104.019
2600,107.042
2700,108.167
2800,111.113
2900,113.111
3000,115.07
10,5
100,13.1529
200,21
300,26.1725
400,30.1496
500,34.5254
600,38
700,42.5793
800,46.5296
900,50.636
1000,54.1295
1100,58.5491
1200,61.9839
1300,66.9104
1400,70.5762
1500,72.6911
1600,73.8241
1700,76.7919
1800,79.7621
1900,81.7435
2000,84.7172
2100,86.977
2200,87.6926
2300,88.6848
2400,91.6624
2500,93.4345
2600,95.4254
2700,97.6217
2800,98.6154
2900,103.484
3000,104.48
10,3.16228
100,14.0357
200,24.0208
300,28.0179
400,32.249
500,41.1947
600,48.6621
700,53.6004
800,56.4358
900,57.5587
1000,61.4003
1100,66.0984
1200,70.0357
1300,73.1642
1400,74.1485
1500,78.2624
1600,82.7103
1700,85.1645
1800,86.4002
1900,86.885
2000,87.9318
2100,91.0934
2200,92.0489
2300,92.6553
2400,97.1854
2500,98.2497
2600,100.02
2700,102.181
2800,105.109
2900,107.912
3000,110.725
10,3.60555
100,11.1803
200,18.3576
300,25
400,27.8927
500,31.5753
600,34.9285
700,41.2311
800,42.4853
900,46.5296
1000,48.3011
1100,50.774
1200,54.1295
1300,56.8595
1400,58.1808
1500,61.7414
1600,63.6946
1700,67.2309
1800,67.2309
1900,67.7791
2000,69.6419
2100,72.45
2200,74.3303
2300,77.1622
2400,81.2712
2500,82.2192
2600,84.4334
2700,86.3771
2800,88.0227
2900,89.1572
3000,91.7606
10,2.82843
100,13
200,18.3576
300,24.0416
400,28.3196
500,32.6497
600,36.2215
700,38.833
800,44.0454
900,46.0977
1000,53.1507
1100,55.5428
1200,60.0167
1300,63.9531
1400,66.9104
1500,68.9493
1600,71.7008
1700,73.437
1800,78.7718
1900,81.6149
2000,85
2100,88.459
2200,90.5539
2300,92.4392
2400,95.2575
2500,97.2522
2600,98.2497
2700,99.2472
2800,100.245
2900,101.178
3000,102.176
10,3.16228
100,13.3417
200,23.2594
300,27.2029
400,32.0156
500,35.171
600,39.3954
700,42.5441
800,44.7214
900,46.6905
1000,51.4198
1100,55.5428
1200,56.7539
1300,61.8466
1400,63.7887
1500,66.9403
1600,69.3758
1700,71.8401
1800,73.0821
1900,74.3303
2000,75.8947
2100,79.0569
2200,82.2192
2300,83.4865
2400,85.0941
2500,90.4765
2600,91.4166
2700,94.2444
2800,95.5196
2900,96.4624
3000,98.0306
10,2.82843
100,13.4164
200,20.8806
300,26.9258
400,31.5753
500,36.2215
600,41.3038
700,43.7379
800,47.8539
900,50.0899
1000,54.1479
1100,58.2151
1200,59.3043
1300,62.514
1400,63.6396
1500,65.3758
1600,68.2642
1700,71.1126
1800,73.4983
1900,75.8947
2000,76.5506
2100,78.7718
2200,80.4114
2300,82.3468
2400,84.5281
2500,86.9253
2600,91.6788
2700,95.2733
2800,98.8383
2900,101.553
3000,102.044
10,3.16228
100,13.3417
200,18.1108
300,21.095
400,26.4764
500,31.4006
600,37.1214
700,38.9487
800,41.2311
900,47.7598
1000,50.1597
1100,51.8941
1200,58.6003
1300,58.6003
1400,61.2699
1500,63.9766
1600,68.0294
1700,72.8011
1800,72.8011
1900,74.7329
2000,75.6439
2100,77.4726
2200,78.7147
2300,80.9506
2400,81.5414
2500,83.7616
2600,85.4459
2700,88.2326
2800,91.7061
2900,92.6553
3000,93.6056
10,2.82843
100,12.7279
200,20.5913
300,24.0416
400,31.8904
500,38.8973
600,45.9674
700,49.4975
800,54.4518
900,60.1082
1000,62.3699
1100,65.2993
1200,68.6222
1300,72.4224
1400,75.8024
1500,78.8162
1600,81.2712
1700,84.5991
1800,85.8836
1900,89.4427
2000,91.2688
2100,94.3027
2200,96.2549
2300,96.2549
2400,100.225
2500,101.553
2600,103.788
2700,105.119
2800,107.838
2900,109.59
3000,113.159
10,3.60555
100,11.0454
200,18.0278
300,22.1359
400,27.2029
500,32.2025
600,36.8917
700,39.6232
800,42.5441
900,44.7214
1000,47.8017
1100,49.3356
1200,51.5461
1300,54.3415
1400,57.4891
1500,60.4152
1600,62.3699
1700,64.3273
1800,65.1153
1900,67.082
2000,68.0294
2100,70.2638
2200,73.3485
2300,76.1183
2400,80.0562
2500,81.4125
2600,84.5281
2700,86.885
2800,90.0278
2900,91.0055
3000,94.921
10,5
100,16.2788
200,24.0832
300,32.249
400,39.0512
500,43.0465
600,49.0102
700,53.1507
800,56.3205
900,61.131
1000,62.1289
1100,63.1981
1200,66.0076
1300,69.0072
1400,73.0068
1500,75.0267
1600,75.06
1700,78.1025
1800,80.0999
1900,82.0244
2000,83.0241
2100,86.0233
2200,90.05
2300,92.0217
2400,93.0215
2500,95.0211
2600,96.0833
2700,97.1288
2800,98.1275
2900,100.08
3000,102.005
10,2.23607
100,15.6205
200,23.7065
300,28.8617
400,35.3553
500,38.2884
600,44.3847
700,48.1664
800,51.6236
900,54.037
1000,56.1427
1100,61.0737
1200,63.1981
1300,67.1193
1400,76.1643
1500,76.1643
1600,78.7718
1700,81.7435
1800,82
1900,85
2000,89.0505
2100,91.0494
2200,93.0215
2300,96.0208
2400,96.0833
2500,98.1275
2600,102.02
2700,103
2800,104.005
2900,105.005
3000,107.168
10,4.12311
100,12.0416
200,19.3132
300,25
400,29.7321
500,33.0151
600,36.0555
700,38.1182
800,44.2832
900,46.3897
1000,46.3897
1100,48.8365
1200,50.8035
1300,52.8015
1400,56.0803
1500,58.4123
1600,60.6053
1700,62.0081
1800,63.0635
1900,66.8506
2000,71.3092
2100,71.8471
2200,75.7166
2300,82.0975
2400,84.0595
2500,88.3233
2600,90.9175
2700,91.7878
2800,94.1541
2900,94.1541
3000,95.0158
10,3.60555
100,12.53
200,18.7883
300,25.0799
400,27.313
500,30.8869
600,34.5398
700,38.2753
800,40.4599
900,45.2769
1000,46.6905
1100,48.0833
1200,50.9902
1300,54.6717
1400,57.4891
1500,61.6198
1600,66.0681
1700,70.9366
1800,71.6101
1900,74.0608
2000,78.7718
2100,80.1561
2200,86.8217
2300,90.5539
2400,92.6607
2500,94.8947
2600,95.7706
2700,97.1288
2800,98.387
2900,100.623
3000,101.966
10,3.16228
100,13.0384
200,19.6469
300,23.4094
400,26.3059
500,30.0666
600,33.2415
700,38.3275
800,40.5216
900,44.3847
1000,50.01
1100,54.0093
1200,57.0789
1300,60.075
1400,62.2013
1500,67.1863
1600,71.1758
1700,74.2428
1800,76.2365
1900,78.4092
2000,81.3941
2100,81.7435
2200,85.8429
2300,88.8426
2400,89.4427
2500,90.0278
2600,92.1954
2700,93.1719
2800,94.1116
2900,97.2677
3000,100.285
10,3.16228
100,15.1327
200,20
300,23.7697
400,29.6816
500,34.4093
600,37.2156
700,40.4969
800,44.2945
900,48.0208
1000,51.0392
1100,54.5619
1200,60.1664
1300,61.0983
1400,64.5136
1500,66.4078
1600,67.72
1700,70.214
1800,73.0821
1900,75.6902
2000,76.922
2100,80.0062
2200,82.5409
2300,84.6936
2400,86.406
2500,86.9253
2600,88.5494
2700,91.5478
2800,92.7793
2900,96.8762
3000,98.8585
10,5.38516
100,15.2315
200,20.2485
300,23.4307
400,28.3019
500,33.6006
600,36.8917
700,38.2753
800,40.4969
900,44.2719
1000,48.7647
1100,51.4198
1200,55.109
1300,59.8415
1400,61.2046
1500,62.2013
1600,65.2534
1700,70.6116
1800,73.4983
1900,74.1485
2000,76.1183
2100,76.9415
2200,78.848
2300,81.4923
2400,82.28
2500,85.7088
2600,88.459
2700,91.5478
2800,94.6414
2900,97.6217
3000,99.6092
10,4
100,15.6525
200,22.4722
300,29.5466
400,33.1059
500,36.7696
600,42.2019
700,46.0977
800,49.5782
900,55.2268
1000,57.3149
1100,60
1200,62.426
1300,62.426
1400,66.888
1500,70.8308
1600,71.8679
1700,74.9466
1800,81.8352
1900,83.5284
2000,86.093
2100,88.4816
2200,93.0054
2300,95.8019
2400,97.4166
2500,99.4032
2600,101.607
2700,102.801
2800,104.809
2900,106.4
3000,110
10,3.16228
100,10.4403
200,15.6525
300,22.4722
400,28.6356
500,33.0606
600,37.1214
700,38.3275
800,40.6079
900,42.5793
1000,45.5412
1100,50.3587
1200,52.345
1300,54.4518
1400,55.7315
1500,57.5587
1600,59.3043
1700,62.0725
1800,64.1249
1900,68.0661
2000,70.1783
2100,72.9452
2200,74.686
2300,76.922
2400,78.1601
2500,80.2247
2600,82.4924
2700,84.4808
2800,85.7088
2900,86.7006
3000,88.459
10,3
100,13.6015
200,20.8087
300,26.6833
400,30.0832
500,34.4093
600,37.8021
700,40.7922
800,44.7214
900,48.5077
1000,53.7587
1100,55.9017
1200,61.8142
1300,61.8142
1400,63.6396
1500,65.6201
1600,67.082
1700,69.6348
1800,71.0211
1900,72.0069
2000,74.1485
2100,74.1485
2200,74.9533
2300,76.6877
2400,80.0812
2500,83.9345
2600,88.7694
2700,92.4175
2800,94.3663
2900,96.3172
3000,97.5141
10,3
100,13
200,18.6815
300,23.7697
400,30.0832
500,33.6155
600,39.8497
700,42.0595
800,44.0114
900,49.3964
1000,55.0818
1100,57.0088
1200,59.9083
1300,63.0635
1400,65
1500,65.9697
1600,68.0661
1700,71.8471
1800,74.8131
1900,76.7919
2000,80.7527
2100,85.5862
2200,87.4643
2300,90.5539
2400,93.0591
2500,94.2019
2600,96.5091
2700,98.0612
2800,100.807
2900,102.391
3000,105.323
10,2.82843
100,13.9284
200,21.9317
300,27.2947
400,30.1496
500,33.0151
600,38.8973
700,42.3792
800,45.5412
900,49.2443
1000,51.8845
1100,55.9017
1200,58.6003
1300,60.4152
1400,63.5059
1500,66.8506
1600,68.1542
1700,70.9366
1800,74.0945
1900,78.3901
2000,80.6226
2100,82.4621
2200,84.309
2300,85.0882
2400,89.4707
2500,90.8735
2600,91.2853
2700,92.9624
2800,94.3398
2900,95.8541
3000,96.7729
10,3
100,13.1529
200,21.0238
300,30.0167
400,33.2415
500,40.0125
600,44.0114
700,49.0408
800,53.0848
900,54.4518
1000,55.5788
1100,56.5685
1200,59.3043
1300,61.6604
1400,66.0681
1500,66.1891
1600,71.1758
1700,73.3348
1800,75.326
1900,78.4092
2000,80.399
2100,80.399
2200,82.8734
2300,85.2115
2400,88.2836
2500,93.0591
2600,95.0368
2700,98.1529
2800,99.2975
2900,100.285
3000,102.421
10,3.16228
100,13.3417
200,19.4165
300,25.1794
400,30.0666
500,32.249
600,37.4833
700,39.2938
800,42.2019
900,46.8722
1000,51.9711
1100,58.2495
1200,61.6604
1300,65.4905
1400,69.7209
1500,72.0069
1600,75.9539
1700,77.1038
1800,78.7718
1900,82.3893
2000,86.3713
2100,87.2067
2200,90.1998
2300,91.1976
2400,94.2603
2500,95.2575
2600,97.2522
2700,104.307
2800,107.466
2900,109.458
3000,110.549
10,2.23607
100,16.0312
200,20.2237
300,24.3311
400,28.4253
500,31.1448
600,34.0147
700,39.1152
800,41.1096
900,46.0109
1000,47.4236
1100,50.8035
1200,54.7449
1300,56.0803
1400,58.2495
1500,61.6604
1600,65.6201
1700,66.9104
1800,69.3542
1900,71.4003
2000,73.7564
2100,77.8974
2200,80.1561
2300,81.5659
2400,83.0963
2500,84.5044
2600,85.1469
2700,85.7963
2800,87.3212
2900,87.367
3000,90.9725
10,3.16228
100,12.53
200,18.2483
300,26.0192
400,29.6142
500,33.9559
600,40.1622
700,41.6293
800,45.2217
900,48.0937
1000,50.0899
1100,52.3927
1200,54.231
1300,61
1400,64.0078
1500,66.0076
1600,69.0072
1700,72.0069
1800,75.0067
1900,78.0577
2000,82.0549
2100,86.0523
2200,86.093
2300,87.0919
2400,90.0888
2500,92.0489
2600,95.0474
2700,95.1315
2800,97.1854
2900,98.1835
3000,98.2497
10,4
100,14.0357
200,23.0868
300,30.1496
400,37.4833
500,43.566
600,48.2701
700,51.9711
800,55.9017
900,58.6941
1000,61.131
1100,64.195
1200,68.1836
1300,69.0652
1400,71.0634
1500,75.06
1600,78.0577
1700,80.0562
1800,82.0244
1900,84.0238
2000,85.0235
2100,88.0227
2200,93.0484
2300,95.0474
2400,96.1301
2500,97.0464
2600,99.0202
2700,104
2800,106
2900,108.005
3000,109.005
10,4
100,14.3178
200,22.2036
300,31.5753
400,37.108
500,43.2897
600,47.2652
700,51.3517
800,61.131
900,66.3702
1000,70.4557
1100,73.171
1200,78.1601
1300,80.2247
1400,83.2166
1500,91.2688
1600,94.2603
1700,95.7549
1800,99.1817
1900,101.178
2000,103.175
2100,106.075
2200,108.296
2300,111.072
2400,112.641
2500,113.635
2600,116.52
2700,117.017
2800,119
2900,120.599
3000,121.696
10,3.16228
100,15.2315
200,28.4429
300,31.3209
400,37.855
500,40.7922
600,44.911
700,49.7293
800,51.8652
900,54.1202
1000,54.626
1100,58.0775
1200,58.6941
1300,60.9262
1400,62.0725
1500,63.6946
1600,67.0671
1700,73.0821
1800,75.5844
1900,81.3204
2000,81.6088
2100,84.8999
2200,87.6413
2300,90.5207
2400,93.3006
2500,96.1665
2600,99.3277
2700,100.578
2800,102.201
2900,103.846
3000,106.042
10,3.60555
100,13
200,18.0278
300,22.8473
400,27.313
500,33.6155
600,39.9249
700,42.0595
800,46.5725
900,48.2701
1000,53.2353
1100,56.0803
1200,62.7694
1300,66.7308
1400,69.1158
1500,71.5612
1600,75.1665
1700,78.8162
1800,80.4487
1900,82.9277
2000,85.703
2100,86.5332
2200,88.7525
2300,92.1141
2400,95.1315
2500,96.566
2600,99.985
2700,103.942
2800,106.944
2900,108.301
3000,110.145
10,3.16228
100,14.1421
200,22.0227
300,25.1794
400,30.5287
500,35.3836
600,40.3113
700,44.6878
800,46.0977
900,49.0408
1000,53.2353
1100,59.808
1200,65.5515
1300,65.7951
1400,69.3181
1500,70.3278
1600,72.4017
1700,73.2462
1800,74.9466
1900,77.3886
2000,79.2023
2100,83.1925
2200,88.3912
2300,91.5478
2400,94.7048
2500,95.6347
2600,101.592
2700,103.465
2800,103.73
2900,105.948
3000,106.902
10,3
100,13.6015
200,20.1246
300,24.4131
400,29.5296
500,34.9285
600,41.2311
700,47.4342
800,48.3839
900,50.2892
1000,52.3927
1100,57.0088
1200,58.2495
1300,61.8142
1400,62.3618
1500,65.8027
1600,67.6831
1700,73.3485
1800,76.2955
1900,81.3941
2000,84.9294
2100,88.459
2200,88.955
2300,90.934
2400,92.0706
2500,95.0368
2600,97.0155
2700,99.5038
2800,101.597
2900,102.772
3000,104.58
10,2.82843
100,12.2066
200,18.3848
300,22
400,26.4197
500,31.4006
600,34.4093
700,37.4433
800,43.8292
900,45.7056
1000,51.788
1100,53.7122
1200,55.5428
1300,58.6941
1400,61.1882
1500,64.3273
1600,67.1193
1700,67.1193
1800,69.6419
1900,71.5891
2000,74.7262
2100,76.4003
2200,80.5233
2300,83.9345
2400,89.9889
2500,91.9239
2600,97.7446
2700,100.439
2800,103.092
2900,105.537
3000,107.708
10,4.12311
100,17.1172
200,24.1868
300,29.0172
400,32.5576
500,36.0555
600,38.3275
700,40.4475
800,42.4853
900,45.3542
1000,48.5077
1100,50.448
1200,53.6004
1300,59.0339
1400,62.1691
1500,62.8013
1600,66.0984
1700,67.6831
1800,70.6116
1900,75.505
2000,77.666
2100,79.4292
2200,79.4292
2300,81.3941
2400,82.3893
2500,84.1724
2600,85.1587
2700,89.3588
2800,91.351
2900,94.0851
3000,94.3398
10,3.16228
100,17.1172
200,23.3452
300,31.0161
400,39.1152
500,43.0116
600,45.0111
700,48.0104
800,50.01
900,52.0865
1000,53.2353
1100,56.2228
1200,57.4282
1300,61.131
1400,63.0714
1500,64.1249
1600,65.0692
1700,68.0661
1800,70.1783
1900,71.2531
2000,72.4431
2100,73.4098
2200,74.4312
2300,76.4199
2400,78.4092
2500,79.6304
2600,81.5414
2700,82.6378
2800,83.6002
2900,84.5931
3000,86.7006
10,3.60555
100,17.0294
200,27
300,31.0644
400,41.0488
500,46.2709
600,47.3814
700,51.6236
800,54.1295
900,56.7186
1000,58.0517
1100,60.4152
1200,64.7611
1300,67.3573
1400,70.5195
1500,73.736
1600,75.6108
1700,81.9329
1800,85.44
1900,88.6002
2000,92.0272
2100,92.9731
2200,93.6056
2300,94.5569
2400,95.8175
2500,97.7394
2600,100.305
2700,102.883
2800,104.403
2900,107.564
3000,109.202
10,4
100,14.0357
200,18.3848
300,24.0416
400,31.4006
500,35.805
600,40
700,43.0116
800,47.0106
900,51.1957
1000,55.109
1100,57.2713
1200,58.9406
1300,61
1400,63.6003
1500,65.2763
1600,67.3647
1700,74.4312
1800,75.6637
1900,76.7919
2000,79.2275
2100,81.6149
2200,85.4751
2300,86.5794
2400,95.2575
2500,97.3293
2600,99.3227
2700,102.313
2800,106.301
2900,108.296
3000,108.374
10,2.23607
100,13.1529
200,20.025
300,26.0192
400,30.0167
500,37.054
600,41.0122
700,48.0416
800,53.0377
900,57.1402
1000,60.0083
1100,64.195
1200,67.1193
1300,67.1193
1400,69.7209
1500,72.6911
1600,74.6726
1700,78.9177
1800,82.8734
1900,87.8237
2000,88.8144
2100,89.9444
2200,93.771
2300,97.5141
2400,99.4082
2500,101.494
2600,104.809
2700,108.78
2800,110.766
2900,112.752
3000,114.856
10,2.23607
100,14.8661
200,23.3452
300,31.241
400,35.609
500,39.8246
600,45.3982
700,49.2443
800,52.1728
900,54.5711
1000,57.0701
1100,59.0762
1200,60.0333
1300,64.3506
1400,68.6222
1500,70.7248
1600,73.5391
1700,76.3675
1800,77.1038
1900,78.5175
2000,80.025
2100,86.0233
2200,90.0222
2300,92.0054
2400,94.0213
2500,96.0469
2600,97.0824
2700,98.326
2800,101.316
2900,104.48
3000,105.929
10,2.23607
100,12.53
200,20.6155
300,24.5153
400,31.3847
500,33.2415
600,36.2353
700,38.9487
800,42.19
900,46.1411
1000,47.0744
1100,49.2443
1200,51.1957
1300,53.8516
1400,57.1402
1500,61.9112
1600,64.0078
1700,67.0075
1800,68.0661
1900,70.1783
2000,72.2772
2100,74.7262
2200,77.6209
2300,80.5233
2400,83.3607
2500,85
2600,86.885
2700,87.8635
2800,89.0505
2900,92.72
3000,95.6033
10,2.82843
100,12.0416
200,21.0238
300,26.4764
400,31.1448
500,34.1321
600,37.1618
700,38.9487
800,42.4264
900,48.2701
1000,51.7397
1100,55.6058
1200,58.6941
1300,61.5224
1400,64.3506
1500,65.7647
1600,67.082
1700,68.9638
1800,70.3278
1900,71.4213
2000,74.2765
2100,77.1557
2200,79.4796
2300,82.28
2400,83.2166
2500,88.955
2600,89.8888
2700,91.7061
2800,94.8683
2900,97.4064
3000,99.0202
10,3.60555
100,12
200,23
300,29.1548
400,31.257
500,36.4966
600,37.3363
700,42.2966
800,43.2897
900,46.0435
1000,48.0104
1100,52.0096
1200,55.0364
1300,56.1427
1400,59.0762
1500,63.0714
1600,63.1981
1700,65.192
1800,66.5282
1900,69.2604
2000,70.9366
2100,71.0634
2200,73.7564
2300,76.2365
2400,77.8332
2500,79.511
2600,82.4621
2700,83.4326
2800,85.8662
2900,87.8009
3000,88.5268
10,3.16228
100,13.3417
200,24.5153
300,26.1725
400,30.1496
500,38
600,40.1995
700,43.6807
800,48.2701
900,50.9608
1000,53.4509
1100,59.4811
1200,62.3618
1300,63.1506
1400,66.0984
1500,67.082
1600,70.5762
1700,73.6817
1800,74.9667
1900,77.6466
2000,78.0897
2100,78.7718
2200,79.4292
2300,81.5843
2400,83.863
2500,84.8528
2600,87.5728
2700,89.6772
2800,91.444
2900,93.4345
3000,95.5249
10,3.16228
100,14.3178
200,19.4165
300,27.2029
400,32.1403
500,36.1248
600,38.4838
700,46.0977
800,51.6236
900,55.1543
1000,56.0803
1100,58.3095
1200,60.7454
1300,63.5689
1400,64.5136
1500,66.6108
1600,69.0507
1700,71.7008
1800,75.6637
1900,78.7718
2000,81.2158
2100,82.6075
2200,83.9524
2300,87.2983
2400,87.2983
2500,90.0944
2600,92.0706
2700,93.5575
2800,93.9042
2900,94.7629
3000,96.7471
10,3.60555
100,13
200,21.095
300,26.9258
400,31
500,35.0571
600,43
700,44.0114
800,51.0392
900,54.037
1000,55.0818
1100,58.0086
1200,61.0328
1300,65.0692
1400,66.1211
1500,68.0294
1600,71.3442
1700,74.4312
1800,78.3135
1900,79.3095
2000,81.6149
2100,83.0241
2200,86.1452
2300,89.1403
2400,92.1358
2500,93.3809
2600,96.3328
2700,98.326
2800,99.4636
2900,100.319
3000,102.24
10,3.60555
100,11.1803
200,19.4165
300,25.5539
400,30.2324
500,35.2278
600,39.9625
700,41.7732
800,46.0977
900,48.4149
1000,54.6717
1100,60.4401
1200,63.1269
1300,64.2028
1400,70
1500,71.4003
1600,73.4098
1700,76.4199
1800,78.5175
1900,79.9062
2000,81.3204
2100,82.7587
2200,85.5628
2300,88.3912
2400,91.9239
2500,91.9239
2600,94.0691
2700,97.591
2800,100.419
2900,102.533
3000,105.418
10,3.60555
100,13.0384
200,18.6815
300,27.7308
400,29.1548
500,31.1127
600,34.2053
700,39.9625
800,42.72
900,44.2719
1000,46.2277
1100,52.2015
1200,54.037
1300,55.4707
1400,56.4004
1500,58.1378
1600,61.0574
1700,61.5873
1800,64.6607
1900,65.192
2000,68.0294
2100,72.0902
2200,74.3236
2300,78
2400,81.1542
2500,83.9345
2600,86.8159
2700,87.2353
2800,89.8109
2900,92.0272
3000,94.2444
10,2.23607
100,17.2627
200,25.1794
300,29.0689
400,32.249
500,36.1248
600,39.1152
700,42.107
800,43.566
900,47.0425
1000,48.0416
1100,49.2443
1200,53.3385
1300,56.4358
1400,59.0931
1500,60.4152
1600,61.327
1700,64.622
1800,67.4685
1900,68.0661
2000,70.859
2100,71.8471
2200,73.8241
2300,77.1622
2400,79.0253
2500,82.0244
2600,87.0517
2700,87.1436
2800,88.278
2900,91.444
3000,91.7878
10,3.16228
100,20.6155
200,23.5372
300,29.4109
400,34.1321
500,38.3275
600,39.0512
700,43.1856
800,46.2709
900,48
1000,51.6624
1100,56.0089
1200,57.0351
1300,60.0083
1400,62
1500,67.0075
1600,68.2642
1700,72
1800,77.1038
1900,79.1581
2000,83.0963
2100,86.209
2200,89.1403
2300,89.2749
2400,90.2718
2500,93.0054
2600,95.0053
2700,99.0051
2800,103.005
2900,105.005
3000,106.042
10,5
100,15.0333
200,21.3776
300,25.0799
400,28.6356
500,31.5753
600,34.5254
700,36.4966
800,38.6394
900,43.4166
1000,45.5412
1100,48.7647
1200,52.2015
1300,54.5619
1400,57.5847
1500,62.0967
1600,65.146
1700,67.9559
1800,71.8471
1900,74.4043
2000,77.201
2100,79.2023
2200,81.6088
2300,82.201
2400,83.1986
2500,84.5044
2600,85.4283
2700,85.703
2800,89.0225
2900,89.0225
3000,91.6788
10,4
100,16.1245
200,25
300,30.1496
400,36.4966
500,39.6232
600,41.7732
700,43.7379
800,51.0098
900,53.0848
1000,58.2151
1100,59.3043
1200,62.2896
1300,66.3702
1400,70.4557
1500,74.6726
1600,76.6551
1700,79.511
1800,81.3941
1900,84.3801
2000,86.7006
2100,87.8237
2200,91.0824
2300,95.7549
2400,97.7394
2500,98.732
2600,99.7246
2700,104.69
2800,106.677
2900,109.772
3000,110.653
10,4.12311
100,16.7631
200,21.2132
300,29
400,36.0139
500,42
600,46.0109
700,56.0357
800,58.6941
900,63.0079
1000,64.195
1100,68.469
1200,70.4557
1300,74.4312
1400,77.3175
1500,77.3175
1600,79.3095
1700,84.3445
1800,85.3288
1900,87.6641
2000,89.8053
2100,92.5419
2200,96.5194
2300,98.6154
2400,100.717
2500,102.489
2600,105.475
2700,108.462
2800,110.368
2900,112.009
3000,114.355
10,3.16228
100,13.8924
200,21.3776
300,27.2947
400,34.4384
500,41.2311
600,44.2945
700,50.0899
800,55.9017
900,57.7062
1000,60.9016
1100,63.9531
1200,66.2118
1300,70.2638
1400,72.0139
1500,74.3236
1600,75.6637
1700,77.9359
1800,79.0569
1900,82.4197
2000,85.44
2100,87.3613
2200,90.802
2300,93.0054
2400,95.8801
2500,97.8008
2600,99.7246
2700,105.019
2800,105.991
2900,106.963
3000,108.171
10,3.16228
100,15.5242
200,25.7099
300,33.9559
400,39.5601
500,42.72
600,47.0106
700,50.6952
800,53.8516
900,58.6941
1000,63.9062
1100,67.7791
1200,71.6938
1300,74.3303
1400,75.2728
1500,78.4474
1600,79.6994
1700,82.9699
1800,84.4038
1900,85.5102
2000,90.6091
2100,92.0706
2200,96.3379
2300,98.8585
2400,100.285
2500,102.259
2600,104.393
2700,107.355
2800,107.517
2900,109.659
3000,112.969
10,2.82843
100,15.0333
200,23.3452
300,28.2843
400,34.1321
500,40.05
600,46.0109
700,54.0093
800,59.0762
900,61.0737
1000,66.2722
1100,67.3647
1200,69.4622
1300,72.3395
1400,78.5175
1500,84.5931
1600,84.5931
1700,86.5794
1800,88.6848
1900,90.934
2000,90.934
2100,92.6553
2200,93.4345
2300,94.921
2400,97.0824
2500,99.0404
2600,100.807
2700,102.772
2800,104.738
2900,105.475
3000,107.299
10,2.23607
100,12.8062
200,19.6977
300,24.4131
400,28.8444
500,33.5261
600,36.4005
700,39.4081
800,43.6005
900,46.1736
1000,49.3356
1100,50.3289
1200,52.8394
1300,57.7062
1400,61.2944
1500,62.6498
1600,64.4127
1700,66.7308
1800,70.4911
1900,72.9452
2000,75.1798
2100,75.6637
2200,76.5376
2300,78.2943
2400,79.6492
2500,82.4621
2600,83.8689
2700,84.5813
2800,90.0777
2900,91.3893
3000,92.3093
10,4
100,14.0357
200,18.9737
300,25.9422
400,31.0161
500,34.5398
600,41.7612
700,48.5077
800,49.7293
900,52.8867
1000,57.0088
1100,58.6941
1200,61.4003
1300,65.8027
1400,69.9214
1500,70.8802
1600,72.5328
1700,75.1864
1800,76.4003
1900,77.1298
2000,79.3788
2100,79.3788
2200,81.5966
2300,82.5409
2400,85.3815
2500,88.2326
2600,89.1852
2700,89.1852
2800,90.1388
2900,91.7061
3000,95.8801
10,4.12311
100,14.1421
200,24.1661
300,27.4591
400,33.2415
500,35.4401
600,37.2156
700,40.8167
800,43.4166
900,46.5725
1000,48.8262
1100,51.9711
1200,53.7587
1300,57.8705
1400,61
1500,61.8142
1600,63.9531
1700,64.9384
1800,65.9242
1900,67.4759
2000,71.0211
2100,73.9797
2200,75.1332
2300,78.1025
2400,79.7621
2500,80.7527
2600,85.7088
2700,86.7006
2800,88.459
2900,90
3000,94.0479
